<application>
  <component name="FindSettings">
    <option name="customScope" value="All Places" />
    <option name="defaultScopeName" value="All Places" />
    <option name="SEARCH_SCOPE" value="All Places" />
    <mask>*cont*</mask>
    <mask>*.go</mask>
    <mask>*con*</mask>
    <mask>*hier*</mask>
    <mask>*pv*</mask>
    <mask>*repo*</mask>
    <mask>*use*</mask>
    <mask>**</mask>
    <mask>*test</mask>
    <mask>*usecase.go*</mask>
    <mask>*sh*</mask>
    <mask>*test*go</mask>
    <mask>compo</mask>
    <mask>*sql</mask>
    <mask>*go</mask>
    <mask>*md</mask>
    <mask>*test*</mask>
    <mask>*sql*</mask>
    <mask>*controller*</mask>
    <mask>*order*</mask>
    <mask>*order_item*</mask>
    <mask>*go*</mask>
  </component>
</application>